dep;vaccin;jour;n_tot_dose1;n_tot_dose2;n_tot_dose3;n_tot_dose4;n_tot_rappel
01;1;2022-02-28;403814;392045;223663;894;254272
01;2;2022-02-28;36120;44126;85480;294;96935
01;3;2022-02-28;36693;27964;44;0;10
01;4;2022-02-28;8307;48;4;0;20
01;5;2022-02-28;2364;1361;19;0;25
02;1;2022-02-28;323814;318622;206878;679;224782
02;2;2022-02-28;44537;51923;80750;319;90679
02;3;2022-02-28;38439;31845;36;0;9
02;4;2022-02-28;9451;30;5;0;10
02;5;2022-02-28;2453;1502;7;0;11
03;1;2022-02-28;213688;211641;136007;518;144165
03;2;2022-02-28;30677;35125;64201;197;69474
03;3;2022-02-28;21449;17056;14;0;4
03;4;2022-02-28;4968;12;0;0;2
03;5;2022-02-28;1347;845;20;0;22
04;1;2022-02-28;94879;92859;60632;156;66175
04;2;2022-02-28;10717;11944;17714;68;19974
04;3;2022-02-28;10119;8199;9;0;7
04;4;2022-02-28;2938;8;0;0;3
04;5;2022-02-28;237;139;7;0;8
05;1;2022-02-28;88251;84475;45983;167;51145
05;2;2022-02-28;8947;11074;24633;88;27780
05;3;2022-02-28;9788;7896;14;0;3
05;4;2022-02-28;1932;6;2;0;3
05;5;2022-02-28;267;157;4;0;5
06;1;2022-02-28;644639;625307;395368;1595;435187
06;2;2022-02-28;123944;132626;159937;364;181142
06;3;2022-02-28;64487;47664;69;0;68
06;4;2022-02-28;20446;283;54;1;190
06;5;2022-02-28;1733;1083;61;1;74
07;1;2022-02-28;187660;185590;125475;357;138650
07;2;2022-02-28;34982;37353;40379;168;45446
07;3;2022-02-28;20844;16818;31;0;8
07;4;2022-02-28;5796;13;4;0;6
07;5;2022-02-28;744;472;5;0;7
08;1;2022-02-28;167783;165494;104139;415;112411
08;2;2022-02-28;19567;23803;45508;148;50510
08;3;2022-02-28;20782;16458;8;0;4
08;4;2022-02-28;4147;13;0;0;2
08;5;2022-02-28;1025;700;7;0;6
09;1;2022-02-28;88290;87435;62386;143;65299
09;2;2022-02-28;15964;16700;18017;50;19368
09;3;2022-02-28;7268;5723;1;0;1
09;4;2022-02-28;2462;6;0;0;1
09;5;2022-02-28;296;151;4;0;4
10;1;2022-02-28;183897;180059;107124;353;114291
10;2;2022-02-28;29915;34519;59227;110;65191
10;3;2022-02-28;17657;13799;6;0;4
10;4;2022-02-28;4554;15;4;0;3
10;5;2022-02-28;1650;1089;2;0;2
11;1;2022-02-28;224070;221344;145893;338;153917
11;2;2022-02-28;30008;33688;55364;132;60365
11;3;2022-02-28;25751;21446;18;0;6
11;4;2022-02-28;7990;41;4;0;15
11;5;2022-02-28;690;425;4;0;6
12;1;2022-02-28;173566;171043;119184;283;125853
12;2;2022-02-28;25899;27771;36416;90;39442
12;3;2022-02-28;15390;12803;15;0;9
12;4;2022-02-28;3783;25;0;0;3
12;5;2022-02-28;489;271;6;0;8
13;1;2022-02-28;1168062;1125137;763222;2714;849259
13;2;2022-02-28;195511;195643;158085;541;182438
13;3;2022-02-28;90304;69419;112;0;103
13;4;2022-02-28;32021;356;84;1;212
13;5;2022-02-28;3379;2054;78;1;96
14;1;2022-02-28;436389;437299;280416;896;296847
14;2;2022-02-28;68309;77910;143719;489;153957
14;3;2022-02-28;59793;46621;24;0;10
14;4;2022-02-28;11728;36;3;0;9
14;5;2022-02-28;3041;1839;41;0;47
15;1;2022-02-28;93780;94598;68522;238;71566
15;2;2022-02-28;10752;12093;21219;88;22912
15;3;2022-02-28;11575;9599;9;0;4
15;4;2022-02-28;2684;1;0;0;0
15;5;2022-02-28;395;225;6;0;7
16;1;2022-02-28;219965;219935;138545;603;144854
16;2;2022-02-28;32592;36762;72779;207;77271
16;3;2022-02-28;24985;21107;20;0;3
16;4;2022-02-28;7054;17;3;0;5
16;5;2022-02-28;1246;710;8;0;10
17;1;2022-02-28;415425;419063;270831;1101;281490
17;2;2022-02-28;65942;74040;137572;406;146025
17;3;2022-02-28;55911;46879;59;0;27
17;4;2022-02-28;17076;29;2;0;8
17;5;2022-02-28;1474;773;19;2;17
18;1;2022-02-28;187820;185949;121596;469;129062
18;2;2022-02-28;30187;34094;54512;232;59845
18;3;2022-02-28;17379;14351;18;0;5
18;4;2022-02-28;5353;11;5;0;3
18;5;2022-02-28;1054;666;12;0;13
19;1;2022-02-28;148803;148835;98958;204;102478
19;2;2022-02-28;20844;23422;44260;72;47308
19;3;2022-02-28;19700;16567;19;0;2
19;4;2022-02-28;4412;7;4;0;4
19;5;2022-02-28;643;379;7;0;7
21;1;2022-02-28;309623;309296;210659;833;227411
21;2;2022-02-28;57542;62460;81726;300;88292
21;3;2022-02-28;41665;32126;50;0;21
21;4;2022-02-28;8856;47;8;0;23
21;5;2022-02-28;2044;1260;20;0;22
22;1;2022-02-28;392209;390039;229370;791;237183
22;2;2022-02-28;60633;70952;154174;660;162035
22;3;2022-02-28;44126;35875;26;0;8
22;4;2022-02-28;11050;19;0;0;3
22;5;2022-02-28;3158;2059;25;0;24
23;1;2022-02-28;72825;72962;49466;145;51546
23;2;2022-02-28;8373;9853;19692;104;21226
23;3;2022-02-28;7889;6764;7;0;4
23;4;2022-02-28;2474;5;1;0;1
23;5;2022-02-28;243;167;8;0;8
24;1;2022-02-28;245921;245696;158686;615;166807
24;2;2022-02-28;44486;49612;82672;379;89114
24;3;2022-02-28;31041;26284;36;0;11
24;4;2022-02-28;9766;21;1;0;4
24;5;2022-02-28;1184;727;15;0;18
25;1;2022-02-28;300413;292137;195062;633;216660
25;2;2022-02-28;63729;66527;65715;161;74306
25;3;2022-02-28;32024;24447;16;0;11
25;4;2022-02-28;5588;18;7;0;9
25;5;2022-02-28;1837;1085;15;0;17
26;1;2022-02-28;312434;303899;171713;579;189372
26;2;2022-02-28;39568;46136;85319;309;94942
26;3;2022-02-28;34463;26773;35;0;16
26;4;2022-02-28;6964;43;5;0;13
26;5;2022-02-28;1539;946;14;0;21
27;1;2022-02-28;374144;367106;201812;600;218125
27;2;2022-02-28;55821;65218;130397;244;142403
27;3;2022-02-28;36225;29737;18;0;12
27;4;2022-02-28;10643;31;3;0;8
27;5;2022-02-28;3211;2018;19;0;25
28;1;2022-02-28;265754;262376;169402;469;181328
28;2;2022-02-28;41452;46406;72898;190;79001
28;3;2022-02-28;27917;22321;18;0;5
28;4;2022-02-28;6110;29;8;0;14
28;5;2022-02-28;2000;1278;15;0;16
29;1;2022-02-28;573421;577714;379750;1437;387464
29;2;2022-02-28;90100;106510;216601;996;224932
29;3;2022-02-28;88936;72611;64;0;18
29;4;2022-02-28;18238;57;3;0;14
29;5;2022-02-28;5968;4109;23;0;31
2A;1;2022-02-28;96851;95431;67231;155;69368
2A;2;2022-02-28;10636;11044;11872;33;12697
2A;3;2022-02-28;4271;2768;1;0;1
2A;4;2022-02-28;1555;11;4;0;8
2A;5;2022-02-28;131;82;1;0;1
2B;1;2022-02-28;103359;101213;71898;167;75575
2B;2;2022-02-28;10384;10786;11637;17;12719
2B;3;2022-02-28;5730;4304;4;0;5
2B;4;2022-02-28;2312;23;4;0;10
2B;5;2022-02-28;104;62;2;0;1
30;1;2022-02-28;427656;415080;268825;820;294546
30;2;2022-02-28;84885;92008;112074;438;126135
30;3;2022-02-28;50892;41784;83;0;58
30;4;2022-02-28;13834;88;17;0;37
30;5;2022-02-28;1431;834;25;0;27
31;1;2022-02-28;835345;817830;482426;1571;520412
31;2;2022-02-28;133677;146109;241638;472;262323
31;3;2022-02-28;88308;69840;89;0;29
31;4;2022-02-28;20788;115;8;0;57
31;5;2022-02-28;3564;1962;41;2;60
32;1;2022-02-28;126965;126011;73459;162;76509
32;2;2022-02-28;10579;13089;40210;98;42588
32;3;2022-02-28;13220;11174;14;0;2
32;4;2022-02-28;3771;17;1;0;2
32;5;2022-02-28;602;402;2;0;7
33;1;2022-02-28;958149;957384;626155;2282;661022
33;2;2022-02-28;201890;218355;304980;1134;327677
33;3;2022-02-28;132181;105270;204;0;79
33;4;2022-02-28;33387;184;19;1;50
33;5;2022-02-28;7271;4093;56;1;76
34;1;2022-02-28;688294;674134;459678;1433;493648
34;2;2022-02-28;118194;128696;154549;560;169984
34;3;2022-02-28;89094;70146;154;1;102
34;4;2022-02-28;21353;160;44;0;99
34;5;2022-02-28;2257;1367;49;0;51
35;1;2022-02-28;681267;676033;412875;1417;438650
35;2;2022-02-28;98907;114938;212712;740;226754
35;3;2022-02-28;83602;65857;98;0;19
35;4;2022-02-28;17517;39;4;0;10
35;5;2022-02-28;4851;2807;18;0;23
36;1;2022-02-28;138847;138744;91343;250;96586
36;2;2022-02-28;16375;19647;40649;192;44448
36;3;2022-02-28;16820;14034;16;0;3
36;4;2022-02-28;4759;9;0;0;4
36;5;2022-02-28;958;609;4;0;5
37;1;2022-02-28;368054;367080;248936;895;266382
37;2;2022-02-28;58570;68290;108208;380;117719
37;3;2022-02-28;57158;46601;61;0;18
37;4;2022-02-28;12804;26;1;0;9
37;5;2022-02-28;2736;1622;11;0;20
38;1;2022-02-28;772816;753180;460940;1814;515186
38;2;2022-02-28;122304;136169;185988;666;209995
38;3;2022-02-28;90335;67404;86;0;37
38;4;2022-02-28;14306;81;24;0;32
38;5;2022-02-28;4459;2647;27;0;41
39;1;2022-02-28;148645;144834;93800;296;104949
39;2;2022-02-28;28717;31303;38583;113;43348
39;3;2022-02-28;17799;14771;15;0;11
39;4;2022-02-28;3735;12;2;0;6
39;5;2022-02-28;758;470;2;0;5
40;1;2022-02-28;271285;270957;183633;671;191611
40;2;2022-02-28;39539;44077;74143;226;78591
40;3;2022-02-28;33830;27656;31;0;7
40;4;2022-02-28;7116;39;2;0;20
40;5;2022-02-28;1107;626;6;0;9
41;1;2022-02-28;201882;200837;140935;702;149789
41;2;2022-02-28;35015;39507;56351;225;61942
41;3;2022-02-28;25487;21892;48;0;20
41;4;2022-02-28;7482;11;3;0;3
41;5;2022-02-28;1136;690;7;0;9
42;1;2022-02-28;481676;464022;288312;812;331335
42;2;2022-02-28;49818;59696;82878;285;97253
42;3;2022-02-28;47311;35611;31;0;14
42;4;2022-02-28;9554;42;4;0;12
42;5;2022-02-28;1567;869;34;0;41
43;1;2022-02-28;146183;143352;96108;283;108346
43;2;2022-02-28;13843;15363;18373;84;21525
43;3;2022-02-28;13251;10225;15;0;4
43;4;2022-02-28;3396;11;0;0;2
43;5;2022-02-28;390;240;1;0;7
44;1;2022-02-28;918935;914960;534623;1882;564631
44;2;2022-02-28;121577;137141;289013;891;309289
44;3;2022-02-28;103591;82091;106;0;19
44;4;2022-02-28;21122;56;10;0;17
44;5;2022-02-28;7217;4112;61;0;61
45;1;2022-02-28;425550;415354;243801;839;261645
45;2;2022-02-28;54561;64001;129873;607;142294
45;3;2022-02-28;42988;34842;35;0;6
45;4;2022-02-28;10139;26;3;0;10
45;5;2022-02-28;2763;1710;36;1;37
46;1;2022-02-28;116650;115649;73592;226;75758
46;2;2022-02-28;7392;8711;26964;63;28462
46;3;2022-02-28;9536;7828;2;0;5
46;4;2022-02-28;2284;10;1;0;3
46;5;2022-02-28;344;218;7;0;8
47;1;2022-02-28;193289;191151;131211;393;136092
47;2;2022-02-28;41994;45058;54491;127;58107
47;3;2022-02-28;19163;16016;21;0;17
47;4;2022-02-28;6050;44;4;0;31
47;5;2022-02-28;1141;743;14;0;16
48;1;2022-02-28;46984;45663;27741;64;29905
48;2;2022-02-28;4610;5777;11104;39;12524
48;3;2022-02-28;4774;3642;6;0;3
48;4;2022-02-28;1206;3;1;0;2
48;5;2022-02-28;124;67;0;0;0
49;1;2022-02-28;512564;509615;351220;1275;375007
49;2;2022-02-28;69020;79328;115259;300;126002
49;3;2022-02-28;64026;51866;70;0;18
49;4;2022-02-28;12782;17;1;0;4
49;5;2022-02-28;4387;2581;35;0;39
50;1;2022-02-28;324373;323961;192685;861;201023
50;2;2022-02-28;47229;55011;123392;489;131588
50;3;2022-02-28;37757;30882;20;0;5
50;4;2022-02-28;9212;10;1;0;1
50;5;2022-02-28;2877;1846;16;1;16
51;1;2022-02-28;333270;329440;199469;681;216217
51;2;2022-02-28;51993;61030;110877;335;121343
51;3;2022-02-28;45952;36330;30;0;17
51;4;2022-02-28;9670;18;1;0;4
51;5;2022-02-28;2529;1486;29;0;34
52;1;2022-02-28;111409;109131;64954;195;70565
52;2;2022-02-28;9288;12308;31211;126;34945
52;3;2022-02-28;11236;9257;5;0;5
52;4;2022-02-28;2794;11;0;0;6
52;5;2022-02-28;695;463;1;1;1
53;1;2022-02-28;193700;193236;134476;492;143913
53;2;2022-02-28;28327;31862;45334;141;49309
53;3;2022-02-28;22175;18412;33;0;5
53;4;2022-02-28;5252;4;1;0;0
53;5;2022-02-28;1726;1118;25;1;27
54;1;2022-02-28;418386;414332;275462;1163;299605
54;2;2022-02-28;78922;87675;120447;530;133379
54;3;2022-02-28;55444;43279;56;0;17
54;4;2022-02-28;11690;57;4;0;17
54;5;2022-02-28;3677;2397;10;0;14
55;1;2022-02-28;116080;115315;73690;425;80305
55;2;2022-02-28;11659;14350;28946;148;32328
55;3;2022-02-28;13483;10451;9;0;1
55;4;2022-02-28;3311;7;0;0;1
55;5;2022-02-28;937;594;6;0;7
56;1;2022-02-28;479610;481790;297746;902;310564
56;2;2022-02-28;82275;91497;174793;578;185015
56;3;2022-02-28;65258;53788;67;0;17
56;4;2022-02-28;15097;44;7;0;12
56;5;2022-02-28;3407;2191;25;1;32
57;1;2022-02-28;635138;620427;395365;1656;429100
57;2;2022-02-28;102901;114567;166602;680;182830
57;3;2022-02-28;55471;41803;35;0;12
57;4;2022-02-28;11914;70;15;0;28
57;5;2022-02-28;4056;2624;40;0;56
58;1;2022-02-28;121422;122564;89242;366;95448
58;2;2022-02-28;23217;25580;32253;132;35317
58;3;2022-02-28;14940;12290;32;0;10
58;4;2022-02-28;5011;6;1;0;2
58;5;2022-02-28;609;366;4;0;4
59;1;2022-02-28;1548423;1526336;988814;4263;1097438
59;2;2022-02-28;211403;240863;353743;1377;401882
59;3;2022-02-28;203291;157320;201;0;70
59;4;2022-02-28;42896;183;38;1;114
59;5;2022-02-28;12935;7769;68;0;82
60;1;2022-02-28;504762;484232;282934;997;310709
60;2;2022-02-28;75496;85337;130279;469;148099
60;3;2022-02-28;42358;34338;42;0;17
60;4;2022-02-28;9970;30;5;0;14
60;5;2022-02-28;2172;1242;20;0;27
61;1;2022-02-28;181537;179870;105852;284;113030
61;2;2022-02-28;21963;25687;58360;218;63472
61;3;2022-02-28;17121;13789;12;0;7
61;4;2022-02-28;4714;15;1;0;2
61;5;2022-02-28;1152;705;11;0;10
62;1;2022-02-28;894813;890277;617950;3053;676403
62;2;2022-02-28;140384;158449;213971;1068;241515
62;3;2022-02-28;127139;101941;203;0;44
62;4;2022-02-28;23469;78;8;1;21
62;5;2022-02-28;9277;5754;65;0;113
63;1;2022-02-28;395526;395060;276123;1006;296800
63;2;2022-02-28;65409;72105;93895;317;103533
63;3;2022-02-28;51745;40767;39;0;4
63;4;2022-02-28;11061;39;3;0;5
63;5;2022-02-28;2923;1858;13;1;22
64;1;2022-02-28;455532;451932;301566;979;317550
64;2;2022-02-28;48860;53783;96605;393;103843
64;3;2022-02-28;45512;36796;27;0;10
64;4;2022-02-28;9800;45;2;1;12
64;5;2022-02-28;1813;1004;12;0;16
65;1;2022-02-28;150806;149346;95099;241;101387
65;2;2022-02-28;16749;19085;35359;117;38469
65;3;2022-02-28;12105;8949;19;0;8
65;4;2022-02-28;3658;12;1;0;5
65;5;2022-02-28;595;362;7;0;6
66;1;2022-02-28;284505;281118;197161;635;208606
66;2;2022-02-28;47132;50411;60797;217;66617
66;3;2022-02-28;32429;27157;33;0;15
66;4;2022-02-28;10973;81;17;0;37
66;5;2022-02-28;915;543;14;0;15
67;1;2022-02-28;667663;660026;429700;1181;470921
67;2;2022-02-28;122360;134429;182522;602;199463
67;3;2022-02-28;88539;67900;71;0;35
67;4;2022-02-28;18564;79;11;0;37
67;5;2022-02-28;4327;2728;20;0;26
68;1;2022-02-28;429679;420998;255474;616;279789
68;2;2022-02-28;78132;86062;121250;323;134616
68;3;2022-02-28;43326;32448;37;0;27
68;4;2022-02-28;11009;53;9;0;31
68;5;2022-02-28;2573;1661;12;0;24
69;1;2022-02-28;1155646;1112493;647718;2035;740484
69;2;2022-02-28;156364;176728;253623;970;293323
69;3;2022-02-28;114554;84290;122;0;72
69;4;2022-02-28;23889;166;38;0;92
69;5;2022-02-28;6683;3834;48;0;62
70;1;2022-02-28;142180;140466;96128;339;104368
70;2;2022-02-28;21925;24292;32595;94;36024
70;3;2022-02-28;15579;12576;13;0;4
70;4;2022-02-28;3257;5;0;0;3
70;5;2022-02-28;940;552;7;0;8
71;1;2022-02-28;347977;346371;232844;1099;253563
71;2;2022-02-28;45735;52774;79530;334;88527
71;3;2022-02-28;39275;30838;42;0;5
71;4;2022-02-28;10199;27;5;0;8
71;5;2022-02-28;1668;963;13;0;15
72;1;2022-02-28;369798;363284;214627;834;229329
72;2;2022-02-28;44624;54054;113458;411;123824
72;3;2022-02-28;37341;30305;89;0;35
72;4;2022-02-28;8829;40;1;0;14
72;5;2022-02-28;2909;1754;45;0;49
73;1;2022-02-28;290096;278213;140315;592;156878
73;2;2022-02-28;20096;28577;79281;273;89803
73;3;2022-02-28;29210;21879;18;0;8
73;4;2022-02-28;4671;17;2;0;7
73;5;2022-02-28;1305;722;10;0;10
74;1;2022-02-28;496853;469335;234263;790;266013
74;2;2022-02-28;60812;72937;128238;572;147540
74;3;2022-02-28;39448;28557;23;0;14
74;4;2022-02-28;6509;58;8;0;23
74;5;2022-02-28;1464;760;24;0;31
75;1;2022-02-28;1458496;1412544;822878;2577;931968
75;2;2022-02-28;146038;176266;337923;1085;385456
75;3;2022-02-28;150820;101231;114;0;137
75;4;2022-02-28;25141;235;42;0;133
75;5;2022-02-28;8890;4809;61;0;84
76;1;2022-02-28;749825;743870;470740;1597;507706
76;2;2022-02-28;136088;153922;243946;481;268213
76;3;2022-02-28;101103;80601;48;0;12
76;4;2022-02-28;22593;111;57;0;69
76;5;2022-02-28;7781;4748;60;1;77
77;1;2022-02-28;909630;861843;451318;1234;505973
77;2;2022-02-28;69313;91458;215307;754;246902
77;3;2022-02-28;75840;57404;68;0;28
77;4;2022-02-28;15258;120;13;0;76
77;5;2022-02-28;4320;2569;44;0;58
78;1;2022-02-28;875497;841743;474300;1303;522101
78;2;2022-02-28;157302;174617;267544;729;298879
78;3;2022-02-28;87164;64742;86;0;78
78;4;2022-02-28;16801;125;27;1;74
78;5;2022-02-28;6249;3915;32;0;72
79;1;2022-02-28;228397;226874;127098;468;135157
79;2;2022-02-28;42585;49268;98780;203;106593
79;3;2022-02-28;29772;24542;20;0;8
79;4;2022-02-28;7410;21;1;0;9
79;5;2022-02-28;1720;965;8;0;8
80;1;2022-02-28;337909;338450;238926;1041;258114
80;2;2022-02-28;59454;64904;88110;480;97272
80;3;2022-02-28;51153;41855;70;0;17
80;4;2022-02-28;9978;16;0;0;2
80;5;2022-02-28;3015;1845;27;0;29
81;1;2022-02-28;234811;231095;148079;374;159262
81;2;2022-02-28;41130;45087;64060;143;70660
81;3;2022-02-28;23567;17986;18;0;9
81;4;2022-02-28;6465;26;3;0;7
81;5;2022-02-28;778;436;56;2;66
82;1;2022-02-28;162042;159248;94426;263;101209
82;2;2022-02-28;17398;20053;42316;97;46308
82;3;2022-02-28;16350;13530;14;0;6
82;4;2022-02-28;5154;46;3;0;31
82;5;2022-02-28;490;270;10;0;9
83;1;2022-02-28;621821;607690;422761;1371;458017
83;2;2022-02-28;131388;137666;129629;515;148548
83;3;2022-02-28;61631;50885;107;0;91
83;4;2022-02-28;24388;147;26;0;91
83;5;2022-02-28;1585;939;18;0;28
84;1;2022-02-28;341488;329441;203028;742;223170
84;2;2022-02-28;37360;42842;64370;421;74670
84;3;2022-02-28;33866;27909;44;0;23
84;4;2022-02-28;11922;88;20;0;61
84;5;2022-02-28;944;583;10;0;12
85;1;2022-02-28;443145;445366;290823;967;305781
85;2;2022-02-28;74691;84020;139421;483;151086
85;3;2022-02-28;53480;44125;33;0;7
85;4;2022-02-28;14711;28;2;0;4
85;5;2022-02-28;3221;1819;21;0;22
86;1;2022-02-28;265092;266442;170421;631;179300
86;2;2022-02-28;37595;42876;83531;236;89648
86;3;2022-02-28;35574;28549;16;0;6
86;4;2022-02-28;8491;16;1;0;4
86;5;2022-02-28;2077;1248;1;0;3
87;1;2022-02-28;228178;228450;136568;272;142854
87;2;2022-02-28;31164;36225;86229;199;91695
87;3;2022-02-28;33878;27334;25;0;7
87;4;2022-02-28;7157;35;0;0;7
87;5;2022-02-28;1333;692;22;0;17
88;1;2022-02-28;219643;218315;141677;499;154817
88;2;2022-02-28;34819;38876;58791;246;66280
88;3;2022-02-28;26668;21799;16;0;9
88;4;2022-02-28;7435;22;1;0;6
88;5;2022-02-28;1343;885;8;0;8
89;1;2022-02-28;205588;202330;128974;536;136939
89;2;2022-02-28;29901;34270;54185;139;59478
89;3;2022-02-28;19797;16181;13;0;3
89;4;2022-02-28;6512;36;2;0;5
89;5;2022-02-28;1205;760;11;0;14
90;1;2022-02-28;80617;79300;53131;161;57352
90;2;2022-02-28;13571;14394;17753;26;19629
90;3;2022-02-28;8179;6259;5;0;6
90;4;2022-02-28;1695;2;0;0;0
90;5;2022-02-28;607;417;2;0;3
91;1;2022-02-28;787840;743775;383284;1078;427558
91;2;2022-02-28;110927;128293;225978;415;254513
91;3;2022-02-28;69386;51887;40;0;35
91;4;2022-02-28;12909;81;14;1;40
91;5;2022-02-28;4785;2921;40;2;54
92;1;2022-02-28;1024996;984706;566053;1435;637190
92;2;2022-02-28;133308;150699;252300;596;285019
92;3;2022-02-28;91597;63761;72;0;76
92;4;2022-02-28;14445;140;32;1;89
92;5;2022-02-28;6801;3931;33;0;60
93;1;2022-02-28;925744;836985;402150;885;472236
93;2;2022-02-28;118073;129329;171109;439;203373
93;3;2022-02-28;54206;37757;51;0;58
93;4;2022-02-28;13620;150;30;0;85
93;5;2022-02-28;3390;1709;38;0;61
94;1;2022-02-28;890722;839780;456473;1115;518907
94;2;2022-02-28;69871;87199;174763;510;202963
94;3;2022-02-28;70109;49209;46;0;48
94;4;2022-02-28;12813;109;28;0;57
94;5;2022-02-28;4510;2420;20;2;32
95;1;2022-02-28;740940;691818;394066;971;450081
95;2;2022-02-28;108268;115328;133754;324;155620
95;3;2022-02-28;55510;40893;27;0;41
95;4;2022-02-28;11160;87;25;0;56
95;5;2022-02-28;2930;1685;27;0;39
971;1;2022-02-28;120998;110903;67173;173;69580
971;2;2022-02-28;21531;19323;7009;13;7487
971;3;2022-02-28;3821;2402;2;0;1
971;4;2022-02-28;315;11;4;0;6
971;5;2022-02-28;122;65;10;0;13
972;1;2022-02-28;141337;131050;77606;153;80254
972;2;2022-02-28;1049;973;1442;4;1574
972;3;2022-02-28;2173;1381;1;0;0
972;4;2022-02-28;2260;153;16;0;157
972;5;2022-02-28;174;102;3;0;3
973;1;2022-02-28;94532;78304;33351;22;36480
973;2;2022-02-28;718;740;973;1;1118
973;3;2022-02-28;159;91;0;0;1
973;4;2022-02-28;172;5;6;0;10
973;5;2022-02-28;503;316;1;0;1
974;1;2022-02-28;549901;534729;316608;742;327183
974;2;2022-02-28;1792;1781;3095;8;3391
974;3;2022-02-28;487;242;0;0;2
974;4;2022-02-28;17038;152;20;1;134
974;5;2022-02-28;1361;956;10;0;13
976;1;2022-02-28;158332;129805;28414;7;32504
976;2;2022-02-28;524;581;789;0;934
976;3;2022-02-28;82;45;1;0;1
976;4;2022-02-28;86;1;0;0;1
976;5;2022-02-28;215;117;5;0;5
977;1;2022-02-28;7591;7235;4448;6;4915
977;2;2022-02-28;562;535;282;5;350
977;3;2022-02-28;141;98;2;0;2
977;4;2022-02-28;295;8;0;0;6
977;5;2022-02-28;11;7;0;0;0
978;1;2022-02-28;12937;11200;5073;14;5489
978;2;2022-02-28;837;737;288;1;319
978;3;2022-02-28;204;116;1;0;1
978;4;2022-02-28;71;1;0;0;1
978;5;2022-02-28;38;26;1;0;1
01;0;2022-02-28;487298;465544;309210;1188;351262
02;0;2022-02-28;418694;403922;287676;998;315491
03;0;2022-02-28;272129;264679;200242;715;213667
04;0;2022-02-28;118890;113149;78362;224;86167
05;0;2022-02-28;109185;103608;70636;255;78936
06;0;2022-02-28;855249;806963;555489;1961;616661
07;0;2022-02-28;250026;240246;165894;525;184117
08;0;2022-02-28;213304;206468;149662;563;162933
09;0;2022-02-28;114280;110015;80408;193;84673
10;0;2022-02-28;237673;229481;166363;463;179491
11;0;2022-02-28;288509;276944;201283;470;214309
12;0;2022-02-28;219127;211913;155621;373;165315
13;0;2022-02-28;1489277;1392609;921581;3257;1032108
14;0;2022-02-28;579260;563705;424203;1385;450870
15;0;2022-02-28;119186;116516;89756;326;94489
16;0;2022-02-28;285842;278531;211355;810;222143
17;0;2022-02-28;555828;540784;408483;1509;427567
18;0;2022-02-28;241793;235071;176143;701;188928
19;0;2022-02-28;194402;189210;143248;276;149799
21;0;2022-02-28;419730;405189;292463;1133;315769
22;0;2022-02-28;511176;498944;383595;1451;399253
23;0;2022-02-28;91804;89751;69174;249;72785
24;0;2022-02-28;332398;322340;241410;994;255954
25;0;2022-02-28;403591;384214;260815;794;291003
26;0;2022-02-28;394968;377797;257086;888;284364
27;0;2022-02-28;480044;464110;332249;844;360573
28;0;2022-02-28;343233;332410;242341;659;260364
29;0;2022-02-28;776663;761001;596441;2433;612459
2A;0;2022-02-28;113444;109336;79109;188;82075
2B;0;2022-02-28;121889;116388;83545;184;88310
30;0;2022-02-28;578698;549794;381024;1258;420803
31;0;2022-02-28;1081682;1035856;724202;2045;782881
32;0;2022-02-28;155137;150693;113686;260;119108
33;0;2022-02-28;1332878;1285286;931414;3418;988904
34;0;2022-02-28;919192;874503;614474;1994;663884
35;0;2022-02-28;886144;859674;625707;2157;665456
36;0;2022-02-28;177759;173043;132012;442;141046
37;0;2022-02-28;499322;483619;357217;1275;384148
38;0;2022-02-28;1004220;959481;647065;2480;725291
39;0;2022-02-28;199654;191390;132402;409;148319
40;0;2022-02-28;352877;343355;257815;897;270238
41;0;2022-02-28;271002;262937;197344;927;211763
42;0;2022-02-28;589926;560240;371259;1097;428655
43;0;2022-02-28;177063;169191;114497;367;129884
44;0;2022-02-28;1172442;1138360;823813;2773;874017
45;0;2022-02-28;536001;515933;373748;1447;403992
46;0;2022-02-28;136206;132416;100566;289;104236
47;0;2022-02-28;261637;253012;185741;520;194263
48;0;2022-02-28;57698;55152;38852;103;42434
49;0;2022-02-28;662779;643407;466585;1575;501070
50;0;2022-02-28;421448;411710;316114;1351;332633
51;0;2022-02-28;443414;428304;310406;1016;337615
52;0;2022-02-28;135422;131170;96171;322;105522
53;0;2022-02-28;251180;244632;179869;634;193254
54;0;2022-02-28;568119;547741;395979;1693;433032
55;0;2022-02-28;145470;140717;102651;573;112642
56;0;2022-02-28;645647;629310;472638;1481;495640
57;0;2022-02-28;809480;779491;562057;2336;612026
58;0;2022-02-28;165199;160806;121532;498;130781
59;0;2022-02-28;2018948;1932471;1342864;5641;1499586
60;0;2022-02-28;634758;605179;413280;1466;458866
61;0;2022-02-28;226487;220066;164236;502;176521
62;0;2022-02-28;1195082;1156499;832197;4122;918096
63;0;2022-02-28;526664;509829;370073;1324;400364
64;0;2022-02-28;561517;543560;398212;1373;421431
65;0;2022-02-28;183913;177754;130485;358;139875
66;0;2022-02-28;375954;359310;258022;852;275290
67;0;2022-02-28;901453;865162;612324;1783;670482
68;0;2022-02-28;564719;541222;376782;939;414487
69;0;2022-02-28;1457136;1377511;901549;3005;1034033
70;0;2022-02-28;183882;177891;128743;433;140407
71;0;2022-02-28;444854;430973;312434;1433;342118
72;0;2022-02-28;463501;449437;328220;1245;353251
73;0;2022-02-28;345378;329408;219626;865;246706
74;0;2022-02-28;605086;571647;362556;1362;413621
75;0;2022-02-28;1789385;1695087;1161018;3662;1317778
76;0;2022-02-28;1017390;983252;714851;2079;776077
77;0;2022-02-28;1074361;1013394;666750;1988;753037
78;0;2022-02-28;1143013;1085142;741989;2033;821204
79;0;2022-02-28;309884;301670;225907;671;241775
80;0;2022-02-28;461509;447070;327133;1521;355434
81;0;2022-02-28;306751;294630;212216;519;230004
82;0;2022-02-28;201434;193147;136769;360;147563
83;0;2022-02-28;840813;797327;552541;1886;606775
84;0;2022-02-28;425580;400863;267472;1163;297936
85;0;2022-02-28;589248;575358;430300;1450;456900
86;0;2022-02-28;348829;339131;253970;867;268961
87;0;2022-02-28;301710;292736;222844;471;234580
88;0;2022-02-28;289908;279897;200493;745;221120
89;0;2022-02-28;263003;253577;183185;675;196439
90;0;2022-02-28;104669;100372;70891;187;76990
91;0;2022-02-28;985847;926957;609356;1496;682200
92;0;2022-02-28;1271147;1203237;818490;2032;922434
93;0;2022-02-28;1115033;1005930;573378;1324;675813
94;0;2022-02-28;1048025;978717;631330;1627;722007
95;0;2022-02-28;918808;849811;527899;1295;605837
971;0;2022-02-28;146787;132704;74198;186;77087
972;0;2022-02-28;146993;133659;79068;157;81988
973;0;2022-02-28;96084;79456;34331;23;37610
974;0;2022-02-28;570579;537860;319733;751;330723
976;0;2022-02-28;159239;130549;29209;7;33445
977;0;2022-02-28;8600;7883;4732;11;5273
978;0;2022-02-28;14087;12080;5363;15;5811
